id;phase;epic;priority;points;owner;title;outcome;acceptance;dependencies;evidence;status
JW-001;M0;Fundação;P0;3;Engenharia/QA;Fixar baseline e contrato de preservação;Inventário do commit, fixtures e lista de funcionalidades que não podem desaparecer.;"Registrar contratos e exemplos atuais de pesquisa, quatro ferramentas, leitor, histórico, importação e quatro exportações. | Separar conteúdo legado não validado de evidência verificada; guardar fixtures sem chaves.";;"94c4c2e; análises anteriores e evidencias-adicionais.json";Parcial
JW-002;M0;Fundação;P0;3;Engenharia/DevOps;Build reproduzível e CI mínimo;Runtime definido, dependências travadas e pipeline de lint/testes isolados.;"Clone limpo instala e roda testes sem credenciais nem rede por padrão. | Falhar CI por nomes indefinidos, segredo em fixture e quebra do contrato; separar testes externos opt-in.";JW-001;"requirements.txt; 3 F821; test_ddg_only.py importa função ausente";Parcial
JW-003;M0;Segurança;P0;3;Backend;Vincular credencial ao destino autorizado;"Registro de provedores no servidor; URL do cliente nunca recebe chave do servidor.";"Requisições com base_url arbitrária são rejeitadas antes da chamada. | Chave DeepSeek não é enviada ao endpoint Hy3; fallback mantém política de credenciais e custos.";JW-001;"main.py:270,310; rag_engine.py:263-288; reprodução anterior";Concluído
JW-004;M0;Segurança;P0;5;Backend;Proteger leitor e downloads contra SSRF;Política única de rede com hosts, protocolo, portas, redirecionamentos, tamanho e prazo permitidos.;"Bloquear loopback, redes privadas, metadados, userinfo e host disfarçado em URL. | Validar cada redirecionamento e resolução; fonte externa só usa caminho explicitamente autorizado.";JW-003;"main.py:417-425; scraper.py:104-111";Parcial
JW-005;M0;Segurança;P0;5;Frontend/Backend;Sanitizar HTML, Markdown e importações;Renderização segura por contexto, esquema de importação e política de conteúdo.;"Fixtures com onerror, javascript:, atributos quebrados, SVG e JSON malicioso não executam código. | Manter texto, tabelas e links válidos no leitor e na exportação; CSP compatível com assets versionados.";JW-001;"scraper.py:571-616; app.js:485-501,534,581,935,1096";Parcial
JW-006;M0;Segurança;P0;2;Backend;Retirar configuração global da API pública;"Configuração administrativa separada; nenhuma escrita pública em .env.";"POST público não muda credenciais de outros usuários. | Configuração administrativa não sobrescreve variáveis existentes; teste não depende de corrigir só o import faltante.";JW-003;"main.py:481; scraper.py:44-60";Concluído
JW-007;M0;Segurança;P0;5;Backend/Produto;Definir acesso, cotas e limites de entrada;Política explícita para uso local, beta restrito e hospedagem pública.;"Limitar tamanho de query, histórico, exportação e concorrência; retornar erro tipado. | Estabelecer sessão/capacidade de acesso e limite de uso da chave compartilhada; CORS não é tratado como autenticação.";JW-001, JW-003;ChatRequest e rotas sem limites de aplicação;Parcial
JW-008;M0;Segurança;P0;3;Frontend/Mobile;Isolar, remover e não exportar segredos;"Credenciais por provedor; remoção completa; Android não anexa chave ao leitor.";"Apagar Gemini remove ambas as chaves legadas no navegador. | Android só envia segredo ao provedor autorizado; logs, backups e exportações não contêm chaves; revisar armazenamento mobile.";JW-003, JW-006;"app.js:1341-1345; SearchApiClient.kt:19-29; UserDefaults/SharedPreferences";Parcial
JW-009;M0;Operação;P0;2;Backend/Frontend;Corrigir configuração e diagnóstico;Health check leve e diagnóstico que diferencia configurado, testado e indisponível.;"GET config não retorna NameError; diagnóstico WOL realmente chama a busca. | Latência ausente mostra não medida, nunca 120 ms fictícios; falha WOL não vira indicador verde.";JW-002, JW-006;"main.py:434,448; app.js:1433";Concluído
JW-010;M0;Operação;P0;3;Backend;Padronizar erros e preservar status HTTP;Erros tipados para timeout, autenticação, cota, modelo inexistente e fonte ausente.;"404 do leitor continua 404 e falha de pós-processamento não vira resposta de estudo HTTP 200. | 503 entra na política de recuperação; mensagens não atribuem reinício sem evidência.";JW-002, JW-009;"main.py:368,427-430; scraper.py:496-501; app.js:363";Concluído
JW-011;M1;Evidências;P0;5;Backend/IA;Criar contrato versionado de pesquisa e evidências;ResearchRun, Source, Passage, Claim e Citation com IDs e proveniência.;"Afirmação documental referencia trecho e documento existentes. | Versionar schema e permitir compatibilidade temporária com ai_response/results; separar inferência de fonte.";JW-001, JW-005, JW-007;Ausência atual de IDs de trechos e metadados de suporte;Parcial
JW-012;M1;Recuperação;P0;3;IA/Backend;Reformular perguntas preservando o assunto;Consultas temáticas para perguntas longas e continuações, sem corte cego das quatro primeiras palavras.;As duas perguntas sobre dívida produzem consultas contendo o assunto, inclusive com erros de digitação. | Pedido de formato não substitui o tema nem dispara pesquisa por palavras como tabela/família.;JW-011;"rag_engine.py:9-23,203-208; consultas-dirigidas.json";Parcial
JW-013;M1;Recuperação;P0;5;Backend;Resolver documentos e metadados canônicos;Remissões, índices e redirects viram documentos identificados sem troca silenciosa.;"URL com HTTP 200 e título divergente é rejeitada como referência daquele artigo. | Distinguir documento e parágrafo; não colapsar buscas diferentes removendo query; preservar títulos originais.";JW-004, JW-011;"scraper.py:448,463,551-567; títulos Feliz/Felipe alterados";Parcial
JW-014;M1;Recuperação;P1;5;Backend/IA;Extrair parágrafos e selecionar por relevância;Contexto com passagens relevantes e vizinhas, inclusive no final dos artigos.;"Fixture com resposta após 3.500 caracteres é recuperada. | Excluir menus e desafios antibot; diferenciar vazio, bloqueado e erro; limitar bytes sem afirmar leitura integral truncada.";JW-011, JW-013;"rag_engine.py:146-179; scraper.py get_clean_document";Parcial
JW-015;M1;Bíblia;P0;5;Backend/QA;Resolver referências e versículos estruturalmente;Referências normalizadas, edição/idioma e trechos fiéis aos marcadores do documento.;"Cobrir versículos isolados, listas, intervalos, capítulos cruzados e livros com número. | Rejeitar intervalo invertido/versículo inexistente; nunca substituir por 450 caracteres do começo do capítulo.";JW-011, JW-013;"scraper.py:694-758; evidencias-adicionais.json";Parcial
JW-016;M1;Evidências;P0;5;IA/Backend;Gerar respostas vinculadas às evidências;"Síntese com IDs de citações; links e bibliografia resolvidos pelo código.";"Modelo não determina IDs de documento/URL livremente. | Diferenciar texto bíblico, explicação da publicação e aplicação sugerida; ausência de fonte permanece explícita.";JW-011, JW-014, JW-015;"RAG sem contexto usa memória; autolinker escolhe por uma palavra";Parcial
JW-017;M1;Evidências;P0;5;Backend/QA;Validar citações antes de publicar resposta;Validação estrutural, literal e de correspondência de fonte, com revisão semântica amostral.;"Os 11 links defeituosos do ensaio anterior não passam como citações válidas. | Link existente não basta; verificar título/localização e citação literal; sinalizar suporte incompleto sem percentual inventado.";JW-013, JW-015, JW-016;verificacao-links-1.json;Parcial
JW-018;M1;Evidências;P1;3;Backend/IA;Aplicar escopo de fontes por execução;Escopo oficial/external explícito e imutável na pesquisa e seus materiais.;"Modo aprofundado não habilita fonte externa. | Host é validado por hostname; referências externas ficam identificadas; trocar provedor não ignora escopo.";JW-004, JW-011, JW-016;"scraper.py:468; include_external ignorado no RAG";Parcial
JW-019;M1;Segurança;P1;3;Backend/IA;Separar instruções de dados e papéis do cliente;"Histórico aceita papéis apropriados; documentos e importações não redefinem política.";"Histórico fornecido com role=system é rejeitado. | Documento contendo instruções para ignorar fontes não muda allowlist nem formato; validadores continuam determinísticos.";JW-005, JW-011, JW-016;"ChatMessage.role str; rag_engine.py:301; system_messages=2 em teste";Parcial
JW-020;M1;Recuperação;P1;3;Backend;Cache limitado e atualização das fontes;TTL, tamanho, idioma/edição e hash de conteúdo, com separação entre cache público e dados privados.;"Evitar colisão por trecho/tamanho e mistura entre usuários. | Fonte alterada cria nova versão; material salvo mantém proveniência sem mudar silenciosamente.";JW-011, JW-013, JW-014;_article_cache e _verse_cache sem limites;Planejado
JW-021;M1;Pesquisa;P1;5;IA/Produto;Perfis sintetizado e aprofundado com mesma precisão;Configurações versionadas de cobertura e saída, não de tolerância a referências erradas.;"Ambos exigem fontes válidas; sintetizado entrega pontos essenciais. | Aprofundado decompõe subtemas e respeita limites; resumo pode ser produzido de uma pesquisa profunda sem nova coleta.";JW-012, JW-016, JW-017, JW-018;COMPARACAO-E-PROPOSTA-DE-PESQUISA.md;Parcial
JW-022;M2;Execução;P0;5;Backend;Orquestrar orçamento global e modelos válidos;Deadline monotônico, limite de tokens/custo/tentativas e registro de capacidades de provedores.;"Nenhuma nova tentativa começa sem orçamento restante; testar 401,404,429,503 e timeout. | Modelo usado e motivo do fallback são registrados; não trocar silenciosamente para modelo pago fora da política.";JW-003, JW-010, JW-020, JW-021;"15s × retries × modelos; Gemini seis chamadas possíveis";Parcial
JW-023;M2;Execução;P1;8;Backend/DevOps;Persistir tarefas e resultados recuperáveis;"Fila/worker com estado durável, lease e checkpoint; API retorna identificador.";"Reinício não perde resultado concluído; tarefa abandonada termina ou retoma por política definida. | POST idempotente não cria trabalhos duplicados; custo externo de chamada já enviada não tem garantia de exatamente uma execução.";JW-007, JW-011, JW-022;"Necessário para pesquisa longa; não basta BackgroundTasks em memória";Planejado
JW-024;M2;Privacidade;P0;3;Backend;Autorizar acesso a cada pesquisa e material;Sessão/conta ou capacidade opaca vinculada ao dono, verificada em todas as rotas.;"Usuário B não lê, cancela nem exporta pesquisa de A por adivinhar ID. | Definir expiração e exclusão; payload da fila não contém segredo em texto puro.";JW-007, JW-008, JW-023;Novo estado persistente requer isolamento antes de exposição pública;Planejado
JW-025;M2;Execução;P1;5;Backend;Cancelamento e concorrência limitados;Cancelamento cooperativo nos transportes e limites globais/por usuário/provedor.;"Cancelar interrompe novas coletas e tentativas; trabalho síncrono remanescente é limitado e sinalizado. | Simular timeout e desconexão sem multiplicar pools ou deixar tarefas indefinidas.";JW-022, JW-023, JW-024;"Rotas def e pools por requisição; abort do navegador não encerra tudo";Parcial
JW-026;M2;Experiência;P1;3;Frontend/Backend;Progresso real e reconexão;Eventos ou polling autenticado com sequência e estados explícitos.;"Mostrar etapas observadas, lacunas e resultado parcial sem percentual fictício. | Reabrir página recupera estado/resultado; reconectar não reenvia a pesquisa.";JW-023, JW-024, JW-025;app.js:270-279 simula estágios por relógio;Planejado
JW-027;M2;Materiais;P1;5;Backend;Snapshots de pesquisa e revisões imutáveis;Versões de evidências e respostas como base estável dos derivados.;"Material guarda research_id e revision_id. | Atualizar pesquisa não reescreve tabela/esboço editado; oferecer nova versão e comparação.";JW-011, JW-017, JW-023, JW-024;Estado atual é array de turnos sem proveniência versionada;Planejado
JW-028;M2;Pesquisa;P1;3;IA/Backend;Gerir histórico e aprofundar lacunas;Janela/resumo com orçamento e recuperação de referências por ID.;"Continuação usa assunto atual e lacunas, não sempre a primeira pergunta. | Resumo preserva referências e instruções do usuário; não conserva como fato fonte antes invalidada.";JW-012, JW-021, JW-027;"app.js:286-291; rag_engine.py:203-208";Parcial
JW-029;M2;Experiência;P1;5;Frontend;Isolar conversas, concorrência e regenerações;"Estado de requisição por conversa e revisão; ramificar quando alterar histórico.";"Resultado atrasado nunca entra na conversa trocada/importada. | Duplo envio é controlado; regenerar não deixa descendentes aparentando depender da versão nova.";JW-026, JW-027, JW-028;app.js:247-370,348,1040,1140;Parcial
JW-030;M2;Experiência;P1;3;Frontend/Backend;Configuração por provedor e modo;Seleções coerentes de modelo, credencial, modo e capacidades.;"DeepSeek não recebe modelo/base Hy3; histórico restaura opções de modo/escopo. | Identificar provedor real usado e separar serviço local do remoto, inclusive Ollama.";JW-003, JW-008, JW-021, JW-022;app.js:304-310,1040,1238;Parcial
JW-031;M2;Operação;P1;3;Backend/DevOps;Instrumentar tempo, qualidade e consumo;Request/research IDs, tempos por fase e contadores por tentativa, sem conteúdo privado por padrão.;"Distinguir coleta, filas, geração e verificação. | Registrar tokens/custo quando o provedor informa; marcar desconhecido quando faltar; redigir segredos em erros.";JW-009, JW-022, JW-023;Diagnóstico atual não explica causas de lentidão;Planejado
JW-032;M3;Ferramentas;P1;5;Backend/Frontend;Contrato comum das quatro ferramentas;Ações tipadas sobre uma pesquisa/revisão e itens selecionados, mantendo os quatro acessos.;"Cada clique identifica ferramenta, base e opções; não é só uma frase no chat. | Sem evidência suficiente, pedir seleção ou oferecer busca complementar explícita; preservar pesquisa original.";JW-016, JW-024, JW-027, JW-029;"index.html:273-283; app.js:232-239";Parcial
JW-033;M3;Tabela comparativa;P1;5;IA/Frontend;Comparar os textos selecionados da consulta;Tabela com referência, contexto, ponto central, relações, aplicação e fonte por linha/célula.;"Todas as linhas correspondem à seleção e citam evidência correta. | Não incluir novos textos silenciosamente; distinguir semelhança, diferença contextual e ausência de informação.";JW-015, JW-017, JW-032;Requisito explícito do usuário;Parcial
JW-034;M3;Tabela comparativa;P2;3;Frontend;Personalizar e exportar tabela;Seleção de colunas, ordenação, visualização móvel em cards e exportação tabular.;"Célula com barra vertical, link ou quebra de linha não desloca colunas. | CSV e DOCX preservam referências; exportação só da tabela não leva conversa privada completa.";JW-033;"Parsers split(""|"") atuais; tabelas sem estrutura de dados";Planejado
JW-035;M3;Estudo em família;P1;3;Produto/Frontend;Configurar participantes e objetivo do estudo;"Perfis opcionais por faixas etárias/necessidades, duração e objetivo; sem nomes obrigatórios.";"Permitir crianças de diferentes idades, adolescentes, adultos, casal/marido/mulher e idosos. | Suportar grupo misto e pessoa sozinha; nenhum papel ou limitação é presumido só por sexo/idade.";JW-032;Requisito explícito do usuário;Parcial
JW-036;M3;Estudo em família;P1;5;IA/Frontend;Gerar roteiro familiar adaptável;Abertura, leituras, perguntas, atividade, aplicação e recapitulação com opções por participante.;"Perguntas e respostas sugeridas remetem às fontes; atividade autoral é identificada. | Adaptar linguagem, abstração, tamanho do bloco e participação; variantes não somam todas ao tempo principal.";JW-015, JW-017, JW-035;Atalho atual só pede resumo em tópicos;Parcial
JW-037;M3;Textos bíblicos;P1;5;IA/Frontend;Organizar e ampliar textos com contexto;Separar textos já usados de complementares, com motivo da relação e consulta ao contexto.;"Complementar só entra após leitura/validação e recebe nova proveniência. | Listas/intervalos mantêm todos os versos e edição; referência abre trecho correto; não confundir paráfrase com citação.";JW-015, JW-017, JW-032;"Requisito explícito; parser atual perde versículos";Parcial
JW-038;M3;Esboço estruturado;P1;5;IA/Frontend;Criar esboços nas sete durações;Tema, objetivo, introdução, desenvolvimento, aplicação, conclusão, leituras e transições.;"Aceitar 3,5,10,15,30,45,60 minutos e somar blocos em segundos exatamente ao alvo. | Preservar fontes e instruções fornecidas; não apresentar esboço autoral como oficial.";JW-015, JW-017, JW-032;Requisito explícito do usuário;Parcial
JW-039;M3;Esboço estruturado;P1;3;Backend/Frontend;Estimar apresentação e ajustar duração;Tempo planejado separado de estimativa oral, com ritmo editável, leituras e pausas.;"Recalcular ao editar e detectar excesso; leitura não é contada duas vezes. | Encurtar preserva argumento/fontes centrais; ampliar acrescenta desenvolvimento relevante, não repetição.";JW-038;Sem orçamento temporal no código atual;Parcial
JW-040;M3;Esboço estruturado;P2;3;Frontend;Modo de apresentação e ensaio;Fonte ampliada, tempo por bloco, cronômetro opcional e notas do orador.;"Funcionar por teclado/toque e salvar marcações localmente. | Distinguir cronômetro real de estimativa; exportar versão de orador sem expor notas em versão pública por padrão.";JW-038, JW-039;Melhoria proposta para uso prático em discursos;Planejado
JW-041;M3;Materiais;P1;5;Frontend/Backend;Editar, salvar e regenerar derivados;Materiais independentes com configurações, revisão, notas e versões.;"Editar não altera original; regenerar mostra nova versão sem apagar edição manual. | Marcar citações afetadas pela edição como pendentes; exportar referência da versão usada.";JW-027, JW-032, JW-033, JW-036, JW-037, JW-038;Preservação das ferramentas com reutilização confiável;Planejado
JW-042;M4;Leitor;P1;5;Frontend/Backend;Leitor contextual e navegação entre fontes;Abrir passagem destacada, voltar ao ponto anterior e mostrar metadados reais.;"Clique rápido em A/B não mistura título e conteúdo; navegação relativa resolve pelo documento real. | Imagens HTTPS, srcset e referências funcionam; teclado e retorno de foco preservados.";JW-004, JW-005, JW-013, JW-015, JW-017, JW-041;"scraper.py:577-614; app.js:1076-1096";Parcial
JW-043;M4;Exportação;P1;5;Frontend/Backend;Exportações fiéis por pesquisa e material;Markdown/JSON/DOCX/PDF preservam textos, fontes, tabelas e tempos.;"Título com emoji não gera 500; DOCX possui links utilizáveis e hierarquia. | Impressão não oculta rótulos de citação nem corta tabelas/esboços longos; opção para exportar só material selecionado.";JW-005, JW-011, JW-034, JW-036, JW-037, JW-039, JW-041;"main.py:232; CSS print oculta button; evidência do emoji";Parcial
JW-044;M4;Compatibilidade;P1;5;Backend/Frontend;Migrar estudos e formatos legados;Importação versionada, recuperação e exportação de backup antes da migração.;"JSON antigo válido continua abrindo; MD é importado como texto sem status de fonte verificada. | Dados inválidos são recusados com explicação; migração repetida é idempotente e reversível.";JW-001, JW-005, JW-027, JW-041, JW-043;Importer verifica apenas array turns;Parcial
JW-045;M4;Privacidade;P1;3;Frontend/Backend;Armazenamento e exclusão previsíveis;Histórico robusto com tratamento de quota, retenção e controles de exclusão.;"Falha de armazenamento não transforma geração bem-sucedida em erro de conexão. | Definir excluir histórico, estudo ativo, materiais e cópias no servidor; perfis familiares não exigem dados pessoais.";JW-024, JW-027, JW-035, JW-044;"localStorage limita conversas, não bytes; exclusão só remove cópia";Planejado
JW-046;M4;Acessibilidade;P1;5;Frontend/QA;Teclado, foco e leitura confortável;Diálogos semânticos, foco gerido, contraste, zoom e referências operáveis.;"Abrir/fechar modal mantém foco e Escape; controle não depende apenas de hover. | Testar 320px, zoom 200%, leitor de tela e textos grandes; tabela tem cabeçalhos e alternativa móvel.";JW-029, JW-033, JW-036, JW-038, JW-042;"HTML sem role=dialog/aria-modal; span bíblico não focalizável";Planejado
JW-047;M4;PWA;P1;3;Frontend;Cache e atualização PWA seguros;Assets versionados, atualização coerente e limites claros de offline.;"Não gravar erro HTTP sobre asset bom; precache corresponde à URL usada. | Estudo salvo abre offline; novas pesquisas informam necessidade de rede; atualização preserva edição não salva.";JW-002, JW-029, JW-044, JW-045;"SW v18; /app.js versus /app.js?v=2.18.0";Parcial
JW-048;M4;Qualidade;P1;5;QA/Backend;Testar pesquisa, fontes e falhas deterministicamente;Fixtures de conteúdo e provedores simulados cobrindo os defeitos reais.;"Testes cobrem 503, timeout, coleta vazia, referência falsa, idioma, orçamento e cancelamento. | Health verde exige sucesso real; testes externos não mascaram falhas nem consomem chave por padrão.";JW-002, JW-010, JW-017, JW-019, JW-022, JW-025;Nove testes atuais passam com diagnóstico quebrado;Parcial
JW-049;M4;Qualidade;P1;5;QA/IA;Testar as quatro ferramentas e as sete durações;Casos estruturais, de seleção e conteúdo para todos os artefatos.;"Tabela compara exatamente o conjunto escolhido; família mistura perfis sem duplicar tempo. | Esboços nas sete durações fecham orçamento e não inventam fontes; textos complementares são realmente verificados.";JW-033, JW-036, JW-037, JW-039, JW-041;Requisitos novos de artefatos;Parcial
JW-050;M4;Qualidade;P1;5;Pesquisa/QA;Construir benchmark editorial e de fontes;Conjunto inicial de 20–30 casos com evidências conferidas e rubrica explícita.;"Incluir assunto raro, histórico, divergência contextual, ausência de fonte e as perguntas sobre dívidas. | Avaliar suporte, cobertura, fidelidade e utilidade; não usar só tamanho, nota automática ou texto antigo como verdade.";JW-017, JW-021, JW-028, JW-048, JW-049;Comparação anterior é amostra de 2 respostas, não benchmark completo;Planejado
JW-051;M4;Qualidade;P1;5;QA/Frontend;Jornadas completas e regressão de recursos;Teste ponta a ponta da pesquisa aos quatro materiais e exportações.;Pesquisar → comparar → família → textos → esboço → salvar/importar/exportar funciona em desktop/mobile. | Testar mudança de conversa, importação hostil, regeneração, offline e clique rápido no leitor.;JW-042, JW-043, JW-044, JW-046, JW-047, JW-049;Contrato de preservação JW-001;Parcial
JW-052;M4;Operação;P1;3;Engenharia/Produto;Medir latência e custo por modo e ferramenta;Metas revisadas com medição, limites e resultado parcial claro.;"Medir p50/p95 e causas em amostra definida; diferenciar cache/cold start. | Reuso de evidências reduz chamadas; orçamento configurado limita gasto; divulgar desconhecido quando não há medição.";JW-021, JW-022, JW-031, JW-050;Não há base para prometer 4–8 s ou custo zero;Planejado
JW-053;M4;Conteúdo;P1;3;Produto/Editorial;Revisar linguagem, atribuição e incerteza;Tom claro e respeitoso, aplicação identificada e metadados de origem precisos.;"Evitar rotular síntese gerada como publicação oficial ou afirmar 100% de precisão. | Não transformar inferência em regra; adaptações familiares não presumem funções/capacidades por gênero/idade.";JW-016, JW-018, JW-036, JW-038, JW-050;Promessas de 100%, rótulos oficiais e percentuais não calibrados;Planejado
JW-054;M4;Segurança/Operação;P1;5;QA/DevOps;Testar carga moderada e falhas de infraestrutura;Plano de carga em homologação e testes de isolamento/recuperação.;"Reinício, provedor lento e indisponibilidade de fonte não deixam trabalho infinito. | Usuários isolados, cancelamento efetivo e recursos limitados; nenhuma carga agressiva enviada ao site fonte.";JW-004, JW-007, JW-024, JW-025, JW-031, JW-048;Ausência de testes de carga e recuperação;Planejado
JW-055;M4;Distribuição;P1;3;Engenharia/Produto;Documentar e empacotar release sem segredos;README fiel, instruções de instalação, changelog e pacote com arquivos permitidos.;"ZIP não inclui .env, caches, credenciais nem artefatos de desenvolvimento. | Indicar estado real de web/Android/iOS e decisões de licença/atribuição; remover promessas não medidas.";JW-001, JW-002, JW-008, JW-043, JW-053;"criar_pacote_zip.bat inclui diretórios inteiros; documentação divergente";Parcial
JW-056;M5;Entrega;P1;5;DevOps;Homologação e deploy observável;Ambiente separado, secrets, banco/fila persistentes e health probes.;"Build do commit rastreável; migrações ensaiadas antes de produção. | Deep research funciona após restart e não depende de filesystem efêmero; URLs/custos de serviços são decisão explícita.";JW-002, JW-009, JW-023, JW-024, JW-031, JW-054, JW-055;render.yaml atual sem job/store e sem runtime fixo;Planejado
JW-057;M5;Entrega;P1;3;DevOps/Backend;Rollback e restauração testados;Feature flags, backup e compatibilidade de schema entre versões.;"Reverter UI/worker não apaga estudos e materiais. | Restaurar backup em ambiente isolado e medir perda/tempo; pausar novas pesquisas se versão não conseguir processar fila.";JW-027, JW-044, JW-045, JW-056;Migração incremental precisa reversibilidade;Planejado
JW-058;M5;Operação;P1;3;DevOps/Produto;Runbook de incidentes e manutenção de modelos;Procedimentos para quotas, credenciais, modelos retirados, fontes alteradas e bugs de citação.;"Operador identifica fase/fonte/provedor por ID sem expor conteúdo privado. | Suspender provedor e revogar segredo sem redeploy de frontend; corrigir referência com histórico de versão.";JW-022, JW-031, JW-055, JW-056, JW-057;Modelos hardcoded e tratamento de erro por texto;Planejado
JW-059;M5;Validação;P1;3;Produto/QA;Beta orientado a tarefas reais;Grupo restrito testa pesquisas, famílias variadas e discursos de várias durações.;"Coletar se encontrou fonte, preparou material e cumpriu objetivo, sem exigir dados familiares privados. | Registrar falhas por tarefa e priorizar; não usar apenas satisfação subjetiva.";JW-050, JW-051, JW-052, JW-053, JW-056;Validar relevância do produto além da geração de texto;Planejado
JW-060;M5;Entrega;P1;2;Produto/Engenharia;Gate de lançamento e monitoramento inicial;Checklist de liberação com evidências e responsáveis funcionais.;"Nenhum P0 aberto; quatro ferramentas preservadas; referência fabricada bloqueada nos casos de teste. | Aprovar benchmark humano, recuperação, isolamento e exports; definir responsável por incidentes.";JW-048, JW-049, JW-050, JW-051, JW-052, JW-054, JW-057, JW-058, JW-059;Entrega completa não equivale a deploy que iniciou;Planejado
JW-061;Futuro;Mobile;P2;8;Android;Alinhar Android ao serviço e aos materiais;Contrato compartilhado, navegação e segurança equivalentes à PWA.;Definir descontinuação ou manutenção explícita do modo standalone. | Compilar/testar em SDK declarado, comparar fontes/materiais e garantir que leitor não transmite chave.;JW-008, JW-011, JW-041, JW-043, JW-060;"Client direto; renderer sem tabelas; APK não auditado como binário";Planejado
JW-062;Futuro;Mobile;P2;8;iOS;Restaurar projeto iOS compilável e seguro;Projeto Xcode, bindings corretos, leitor real e contrato comum.;"Compilar em macOS e validar navegação; corrigir text:/selection: vazios e closures inválidas. | Segredos em armazenamento apropriado; leitor renderiza conteúdo, não HTML cru em Text.";JW-008, JW-011, JW-041, JW-043, JW-060;"ContentView.swift; SearchClient.swift; projeto Xcode ausente";Planejado
JW-063;Futuro;Mobile;P2;5;QA/Mobile;Matriz de paridade e publicação mobile;Versões compatíveis e testes reais de armazenamento, rede e acessibilidade.;"Android/iOS passam jornadas equivalentes da matriz e não anunciam recursos ausentes. | Builds rastreáveis substituem APK solto sem proveniência; publicação exige validação da versão real.";JW-061, JW-062;Não foi realizada compilação mobile nesta análise;Planejado
JW-064;Futuro;Escala;P3;8;IA/Backend;Avaliar índice semântico após benchmark;Experimento condicionado a lacunas de recuperação comprovadas.;"Comparar baseline lexical/híbrido com custo, cobertura e atualização. | Adotar somente se melhora casos reais; evitar cópia indiscriminada de acervo.";JW-020, JW-050, JW-052, JW-060;Banco vetorial não é pré-requisito demonstrado;Planejado
JW-065;Futuro;Colaboração;P3;8;Produto/Backend;Sincronização opcional entre dispositivos;Contas, resolução de conflitos e compartilhamento privado revogável.;"Consentimento explícito para sincronizar; não publicar estudos por padrão. | Controle por recurso, revogação e conflito de versões testados; pesquisas locais continuam úteis.";JW-024, JW-027, JW-045, JW-057, JW-060;Recurso adicional, não necessário para o primeiro lançamento;Planejado
JW-066;Futuro;Organização;P2;3;Frontend;Coleções, favoritos e anotações;Reencontrar estudos e fontes por tema com notas pessoais separadas da publicação.;Nota do usuário nunca aparece como texto da fonte. | Busca por título/tema e organização local preservam referências e versões.;JW-027, JW-041, JW-045, JW-060;Melhoria de reutilização para tornar a ferramenta relevante;Planejado
JW-067;Futuro;Idiomas;P2;5;Backend/QA;Consolidar inglês e espanhol com paridade;Edição bíblica, URLs, metadados e interface coerentes por idioma.;"Troca de idioma não reaproveita verso/cache de outra edição. | Benchmarks por idioma e referências locais válidas; português é o primeiro escopo integral.";JW-015, JW-018, JW-020, JW-050, JW-060;URLs r5/lp-t hardcoded fora de pt;Planejado
JW-068;Futuro;Qualidade;P3;5;Pesquisa/Produto;Indicadores de cobertura calibrados;Mostrar cobertura observável e pendências, com avaliação de significado.;Indicador mede itens verificados, não probabilidade arbitrária de verdade. | Se adotar score, documentar conjunto de calibração, limitações e atualização.;JW-031, JW-050, JW-059, JW-060;Conversa referência exibe confiança 97/98% sem método;Planejado
