file;bytes;lines;sha256;coverage
.gitignore;297;31;994ada4f620c1e89216773d333aff9ae53ef657bd907e58c4168f3a781114bc6;"Inventário textual; ver mapa de revisão"
Dockerfile;288;16;d744a0c775b677c329c215b93a554e7b4559a4c8fb83bdcfb28ff5ba1dc62b88;"Inventário textual; ver mapa de revisão"
JW-Search.apk;12169622;;0d1a985d349c58c3a802387e2f07364c6c49183eab5eeea080bab28bca8a5c18;"Binário inventariado; conteúdo não auditado"
Procfile;32;1;bb7b7254c68e90e09e7f454c316cc30d9c0d2fff253f5286c6b3061c5de9a235;"Inventário textual; ver mapa de revisão"
README.md;14070;237;bf4fe9f7211f158f70822789e88d9a6729962b3ca74e491d399a7e3fa3b034ab;"Inventário textual; ver mapa de revisão"
android/.gitignore;240;15;9c8db52985e5456a85e490b6d799ac3222704d7e42c773e31ad032b034c300bd;"Inventário textual; ver mapa de revisão"
android/app/.gitignore;6;1;5c3174b74edc6f2b9e0743594b8bd3c7f31e4f4405758cc9872b3fe1de1d28b4;"Inventário textual; ver mapa de revisão"
android/app/build.gradle.kts;2562;87;78eb26b8aa054c06fbd40c82264b9ca20d6d80f7ad279ab4c1cb72a1956a4fdd;"Inventário textual; ver mapa de revisão"
android/app/src/androidTest/java/com/example/jwsearch/ui/main/MainScreenTest.kt;648;24;ee9d78a83743e5da3d77d11d29f242acea7e8ef9ed9edd124985b0ae5e63ae90;"Inventário textual; ver mapa de revisão"
android/app/src/main/AndroidManifest.xml;921;25;6d2a320e2d2f6dd28ca327d794bd5206c32521194dc715b05fb91f55ddb7d6e7;"Inventário textual; ver mapa de revisão"
android/app/src/main/java/com/example/jwsearch/MainActivity.kt;1074;30;b7ac3c4e31e8923a0a66bd5eb9d379cf611a7b3085567a96a2715da062e275c6;"Inventário textual; ver mapa de revisão"
android/app/src/main/java/com/example/jwsearch/Navigation.kt;1277;40;60cab51ec72707b0bdd712e1bce3477d625042b22fb4696793747a432c833c45;"Inventário textual; ver mapa de revisão"
android/app/src/main/java/com/example/jwsearch/NavigationKeys.kt;267;8;a793ccbf3479c60c4ca15be70455d977fc37b02c4db6112944a85652811d1e3b;"Inventário textual; ver mapa de revisão"
android/app/src/main/java/com/example/jwsearch/data/DataRepository.kt;305;12;8e781409a9b108da953de4c75e79ee1e1b6ff1feaccde8ffe47b2632c578c8fc;"Inventário textual; ver mapa de revisão"
android/app/src/main/java/com/example/jwsearch/data/SearchApiClient.kt;18005;391;04ff8d7cff8d529383d244b11ad75bd8650164704ce17f6933df0afac54b00ce;"Inventário textual; ver mapa de revisão"
android/app/src/main/java/com/example/jwsearch/data/SearchResult.kt;326;15;7aefd039fb40b5729f088b67a0cd9a2a332a659129e25e4d0ef035b4d7b9137b;"Inventário textual; ver mapa de revisão"
android/app/src/main/java/com/example/jwsearch/theme/Color.kt;293;11;ba6c4a9141a12f4c14e75109139452b24df0d1957a2cb59c5e182ccd9ea81b1a;"Inventário textual; ver mapa de revisão"
android/app/src/main/java/com/example/jwsearch/theme/Theme.kt;1653;50;b134b0a081e3d910452ee5e85f0608e536cb8cf7af7f6c5fe4cc990c9f5a91c9;"Inventário textual; ver mapa de revisão"
android/app/src/main/java/com/example/jwsearch/theme/Type.kt;1036;36;ecbd212097d2c388f4aa9eeabf4c697cea63846a98ec2ba762771d4ce172c544;"Inventário textual; ver mapa de revisão"
android/app/src/main/java/com/example/jwsearch/ui/main/MainScreen.kt;31026;652;6974f3766782dcef1c735cba6505ca39cf059a33ec1d47ee28fd16e9a7bbb1ea;"Inventário textual; ver mapa de revisão"
android/app/src/main/java/com/example/jwsearch/ui/main/MainScreenViewModel.kt;4679;141;8ca3853405beaf4e86df23239876f5e129fc83a0f013c0038ed2239a762201fd;"Inventário textual; ver mapa de revisão"
android/app/src/main/java/com/example/jwsearch/ui/main/ReaderScreen.kt;7932;193;157728f0e9fafa633e6273c27c76ebd65a582cd88a3569afbc8eeb4bfc8f5d1e;"Inventário textual; ver mapa de revisão"
android/app/src/main/res/drawable/ic_launcher_background.xml;5776;170;38381d0d0a64770d992c98e5b5e492555690af40e2fc6ee59e5a1c2a7c0fdcde;"Inventário textual; ver mapa de revisão"
android/app/src/main/res/drawable/ic_launcher_foreground.xml;1731;30;6e3c1bb64d9bec079cf0030d867c58b064d2fb19ca6c5a691543c43134f64a2a;"Inventário textual; ver mapa de revisão"
android/app/src/main/res/mipmap-anydpi-v26/ic_launcher.xml;348;6;e7c073fbec1a51a73f678b266a1cb207aa6468e3ea1504d24f43591f31d2b7c5;"Inventário textual; ver mapa de revisão"
android/app/src/main/res/mipmap-anydpi-v26/ic_launcher_round.xml;348;6;e7c073fbec1a51a73f678b266a1cb207aa6468e3ea1504d24f43591f31d2b7c5;"Inventário textual; ver mapa de revisão"
android/app/src/main/res/mipmap-hdpi/ic_launcher.png;3658;;fb70920d85a29488cce6d900f64c9f4af9a71c8df1a149f08c599a2b63aef3f6;"Binário inventariado; conteúdo não auditado"
android/app/src/main/res/mipmap-hdpi/ic_launcher_round.png;4945;;2bea1e6e7ca92c9fff6fff883b41dd630628218a858cee7038f272f75e707748;"Binário inventariado; conteúdo não auditado"
android/app/src/main/res/mipmap-mdpi/ic_launcher.png;2462;;e5d35016b9e98a46ddd7045921e86e81ec4a641bb94e97e51e66d5c5d16cf06c;"Binário inventariado; conteúdo não auditado"
android/app/src/main/res/mipmap-mdpi/ic_launcher_round.png;3270;;d9de54ea97740f9f2376a628ed4f24fcb84cd84a1905bbf0cb359a5b489553ee;"Binário inventariado; conteúdo não auditado"
android/app/src/main/res/mipmap-xhdpi/ic_launcher.png;5062;;4df1a1e2e59920eea1c03d732fc8cacfa6c5b9dca56cc6b381d512c3abd9bc73;"Binário inventariado; conteúdo não auditado"
android/app/src/main/res/mipmap-xhdpi/ic_launcher_round.png;6912;;f38f9180ab9b613801de516102a1f6ae3d2b07764d59d05f45f1b0c0759f8b13;"Binário inventariado; conteúdo não auditado"
android/app/src/main/res/mipmap-xxhdpi/ic_launcher.png;7387;;4279075febf1b18c3927519ed04e8b8692046a21b9c7dfa2ecb0c931ae575d20;"Binário inventariado; conteúdo não auditado"
android/app/src/main/res/mipmap-xxhdpi/ic_launcher_round.png;9822;;240fa46deb386675f18db0e0560c2f9417fd66643ebef7d639d6da1e47801752;"Binário inventariado; conteúdo não auditado"
android/app/src/main/res/mipmap-xxxhdpi/ic_launcher.png;10378;;f7b244563c1afcb267727125f305be8f33c9f4f9c9d5416dc0bfac3386f0966f;"Binário inventariado; conteúdo não auditado"
android/app/src/main/res/mipmap-xxxhdpi/ic_launcher_round.png;13583;;4577dabea13c44137d671ae31da84eff9e1384be815f47c276e2c64408c3e5c5;"Binário inventariado; conteúdo não auditado"
android/app/src/main/res/values/strings.xml;73;3;a0c8e389048409ff695b6b8ecea3e941ea1d5b708f2718623ce0ba4adc7494b4;"Inventário textual; ver mapa de revisão"
android/app/src/main/res/values/themes.xml;154;5;728aa9e4d578e04bb600fb4d1a6968082f6c32e47382a46c8a1391c30eac7d5f;"Inventário textual; ver mapa de revisão"
android/app/src/main/res/xml/backup_rules.xml;490;13;facaaef2162be6dd86544a819278042729ed481c38933a410651b81424da7ea7;"Inventário textual; ver mapa de revisão"
android/app/src/main/res/xml/data_extraction_rules.xml;569;19;940f48fb2ba4d9ec5a55671126796fefa71661c0a5d7b434dc1e9be23da41690;"Inventário textual; ver mapa de revisão"
android/app/src/test/java/com/example/jwsearch/ui/main/MainScreenViewModelTest.kt;1378;45;ac87bff9fd232a87b7805f3af870796b92c28814020a8f2a42d819f4fb27a455;"Inventário textual; ver mapa de revisão"
android/build.gradle.kts;276;6;3ce5eccfaccaccd90f035409900e08bf60cb3cf0928bbd9d17e4080ba9818b30;"Inventário textual; ver mapa de revisão"
android/gradle.properties;1691;29;62cf4fe5e4496819f80be714e4a7b3b0301da0adbb9781948d69ae137e9d50c1;"Inventário textual; ver mapa de revisão"
android/gradle/libs.versions.toml;2893;43;0207a74f4b9a532bb69f1b10a8130e2346b4171ba4f3b3e0065275da22c92dd5;"Inventário textual; ver mapa de revisão"
android/gradle/wrapper/gradle-wrapper.jar;54329;;381dff8aa434499aa93bc25572b049c8c586a67faff2c02f375e4f23e17e49de;"Binário inventariado; conteúdo não auditado"
android/gradle/wrapper/gradle-wrapper.properties;347;8;bfd4d0f4a087cabd7fc4b8980942cfb557327fda1dc481b18a7571f127de27e7;"Inventário textual; ver mapa de revisão"
android/gradlew;5468;172;a8a5050a3ebcf75d9c1fd59b35fee7fcee282dfa126e8509a9a4144b0a23b144;"Inventário textual; ver mapa de revisão"
android/gradlew.bat;2260;84;0008d785920c9ff5cab17403e0270ccc7ceee8e169b6d67a82d96a5475fec5c9;"Inventário textual; ver mapa de revisão"
android/settings.gradle.kts;859;33;8f2117653a798daa293a6a5d4bba4d30df22003c927bdc620b9fb653f5aceb19;"Inventário textual; ver mapa de revisão"
backend/generate_icons.py;3683;106;54be585c30743333d1a7246d7d08eded6107e7d780280444a6a30f9814e20529;"Inventário textual; ver mapa de revisão"
backend/main.py;20468;510;79779367a89175e8ee989abc642bbebfdaf3fa5cd9512c6c343bf4addf649eb9;"Inventário textual; ver mapa de revisão"
backend/rag_engine.py;15952;348;8629375e5e9e5a230a924a218f206ad9df23be981184ad161fc121753ae23351;"Inventário textual; ver mapa de revisão"
backend/requirements.txt;128;8;4e446666fadd6a5441453ab78fbadaeed973d4da3cb167a5cbd16d44fb911638;"Inventário textual; ver mapa de revisão"
backend/scraper.py;36159;762;54410279add147d9db01f38ca6c686ab0f979c86e8d12e8cd06679652846d2ea;"Inventário textual; ver mapa de revisão"
backend/test_api_keys.py;7045;146;17bc5c55e88c688dfd7587152fcf81faea3bf35b33fae1ddee34f7668118f637;"Inventário textual; ver mapa de revisão"
backend/test_ddg_only.py;571;18;23fed1dfb0d6a536d8bcd1a499d13df0eddffc3f3d74dad97f45e6d7a0918d7e;"Inventário textual; ver mapa de revisão"
backend/test_ddg_raw.py;1129;31;a6c61b37eea0f8589e580bfc913eddcfd5ce4647d178dcb22b7123e204486cec;"Inventário textual; ver mapa de revisão"
backend/test_mojeek.py;1886;47;eee8aee3c61df97bb47995e8a0270fcfb2a390488a0d63620b030a1cc49ae0eb;"Inventário textual; ver mapa de revisão"
backend/test_scraper.py;1605;50;07b11283db3c4f5758d1871b1c04558bd3cebb202ac6744b53b940fa8180b63a;"Inventário textual; ver mapa de revisão"
criar_pacote_zip.bat;714;15;243f45c8780a23aaf4a169807be52c114f5078c8718a7c037a8647a49d3ead6b;"Inventário textual; ver mapa de revisão"
ddg_error.html;14399;176;c57c9dbc94656842d1efb8396d8413d7fbd3fda18ab7ba673c7d544c5ac08127;"Inventário textual; ver mapa de revisão"
ios/JWSearch/ContentView.swift;16433;360;93d725c6a4b45f98ffd2db99d6c1778087b3fd1e5677ec15f1b2500dda596679;"Inventário textual; ver mapa de revisão"
ios/JWSearch/Info.plist;1285;41;fbbd5b8dff4704e075b3850a9b8b6d7ea373ae4edec00a63fb8ffd9e5900d49e;"Inventário textual; ver mapa de revisão"
ios/JWSearch/JWSearchApp.swift;154;10;8f483b27f20343856cf2dbb4376c2c7dc9ccd4d366a02212324e57d6bcbebad1;"Inventário textual; ver mapa de revisão"
ios/JWSearch/SearchClient.swift;11253;231;d5fb5006ceca5bbb41988735d00fc5be9eafc5f7d7058002c2eed8392deae0c2;"Inventário textual; ver mapa de revisão"
render.yaml;232;9;17dd04e0b1312fb37cf79e7cdb3bcfe77018da2d6c686f7da3a04498c7110f97;"Inventário textual; ver mapa de revisão"
start.bat;2261;68;563f55cef015252d5bd0662ba7c4317e6d12b4a6171d3df0829efd0bb07a5e02;"Inventário textual; ver mapa de revisão"
web/app.js;79163;1603;0f9991d14631d6f403b71443ee749fe6730ba4175cd28114e509215943b99c28;"Inventário textual; ver mapa de revisão"
web/favicon.ico;9367;;4cc1b8bcdca27d6dd256a5c4a2ad2601b8382ad55c70b06c1199745131710455;"Binário inventariado; conteúdo não auditado"
web/favicon.png;3321;;e323d009a345aa3880571d4c5f45b012ccd36732265dcb4fcf8074e69e8a220b;"Binário inventariado; conteúdo não auditado"
web/icons/apple-touch-icon.png;9333;;f23a082c41150c296050803712243625161875c18ec0c43b6602cb4ff0da87fd;"Binário inventariado; conteúdo não auditado"
web/icons/icon-192.png;10378;;f7b244563c1afcb267727125f305be8f33c9f4f9c9d5416dc0bfac3386f0966f;"Binário inventariado; conteúdo não auditado"
web/icons/icon-512.png;26612;;f3559433f9a1c1ea870461d24dc4cf3091800871457aaa60233559a2794174dd;"Binário inventariado; conteúdo não auditado"
web/index.html;46541;665;fb8753f0e2ac98487f58b3bcd805acc2d7a8a93ff7900dc6e019e4c576a2d588;"Inventário textual; ver mapa de revisão"
web/manifest.json;630;26;4521a04057cfca198e5ee80fc827edb28c61dea3d2230495370d60d3a5e6d570;"Inventário textual; ver mapa de revisão"
web/service-worker.js;1443;59;63455c42560afd40c32cf292d994dffadabf92b8d4b5d3bf38cee5243f74d3ea;"Inventário textual; ver mapa de revisão"
